<?xml version="1.0" encoding="UTF-8"?>
<includes>
    <include name="DialogPictureInfo">
        <param name="header">$INFO[ListItem.Label]</param>
        <param name="include_picture">DialogPictureInfo_Image</param>
        <param name="include_items">Object_Null</param>
        <param name="include_movement">Object_Null</param>
        <param name="dialog_size">Dimension_DialogFullMenu</param>
        <param name="dialog_right">520</param>
        <definition>
            <include>Part_Dim_Overlay</include>

            <control type="group">
                <include content="Part_Dialog_Backing">
                    <param name="dialog_size">$PARAM[dialog_size]</param>
                </include>

                <!-- Content -->
                <control type="group" id="8000">
                    <include>Size_Dialog_Pad</include>

                    <!-- Left -->
                    <control type="group">
                        <right>$PARAM[dialog_right]</right>
                        <control type="group">
                            <include>Size_Group_Head</include>
                            <include content="Part_HeadText">
                                <param name="id">9999</param>
                                <param name="label">$PARAM[header]</param>
                            </include>
                            <include>Part_Line</include>
                            <include>Part_CloseButton</include>
                        </control>
                        <control type="group">
                            <include>Size_Group_Body</include>
                            <include content="$PARAM[include_picture]">
                                <param name="icon">$PARAM[icon]</param>
                            </include>
                        </control>
                    </control>

                    <control type="group">
                        <include>Part_Panel</include>
                        <right>0</right>
                        <width>$PARAM[dialog_right]</width>
                        <control type="list" id="5">
                            <top>14</top>
                            <bottom>20</bottom>
                            <include>Size_Dialog_Pad</include>
                            <pagecontrol>61</pagecontrol>
                            <onright>61</onright>
                            <onleft>Close</onleft>
                            <orientation>vertical</orientation>
                            <itemlayout height="106">
                                <include>Layout_BasicMeta</include>
                            </itemlayout>
                            <focusedlayout height="106">
                                <include>Layout_BasicMeta</include>
                            </focusedlayout>
                            <include>$PARAM[include_items]</include>
                        </control>
                        <include content="Part_Scrollbar_Max">
                            <param name="id">61</param>
                            <param name="inset">false</param>
                            <include>$PARAM[include_movement]</include>
                        </include>
                    </control>
                </control>
            </control>
        </definition>
    </include>

    <include name="DialogPictureInfo_Image">
        <param name="icon">$INFO[ListItem.Icon]</param>
        <param name="diffuse">diffuse/landscape_w1140_h680.png</param>
        <definition>
            <include content="Part_Box_Outline">
                <include>Size_Dialog_Pad</include>
                <control type="image">
                    <aspectratio scalediffuse="false">scale</aspectratio>
                    <texture background="true" diffuse="$PARAM[diffuse]" colordiffuse="ff333333">$PARAM[icon]</texture>
                </control>
                <control type="image">
                    <aspectratio scalediffuse="false">keep</aspectratio>
                    <texture background="true" diffuse="$PARAM[diffuse]">$PARAM[icon]</texture>
                </control>
            </include>
        </definition>
    </include>

    <include name="DialogPictureInfo_Video">
        <include content="DialogPictureInfo_Image">
            <param name="icon">$INFO[Player.Icon]</param>
            <param name="diffuse">diffuse/square_w600_h600.png</param>
        </include>
    </include>

    <include name="DialogPictureInfo_PlayerProcessInfo_Items_PVRObject">
        <item>
            <label>$PARAM[label]</label>
            <label2>$INFO[$PARAM[info]]$PARAM[affix]</label2>
            <visible>!String.ISEmpty($PARAM[info])</visible>
            <visible>!String.IsEqual($PARAM[info],$LOCALIZE[13205])</visible>
            <visible>VideoPlayer.Content(livetv)</visible>
        </item>
    </include>

    <include name="DialogPictureInfo_PlayerProcessInfo_Items_VideoObject">
        <item>
            <label>$PARAM[label]</label>
            <label2>$INFO[$PARAM[info]]$PARAM[affix]</label2>
            <visible>!String.ISEmpty($PARAM[info])</visible>
            <visible>!String.IsEqual($PARAM[info],$LOCALIZE[13205])</visible>
            <visible>!VideoPlayer.Content(livetv)</visible>
        </item>
    </include>

    <include name="DialogPictureInfo_VideoInfo_Items">
        <content>
            <item>
                <label>$LOCALIZE[561]</label>
                <label2>$INFO[ListItem.Filename]</label2>
                <visible>!String.IsEmpty(ListItem.Filename)</visible>
            </item>
            <item>
                <label>$LOCALIZE[19076]</label>
                <label2>$INFO[ListItem.FolderName]</label2>
                <visible>!String.IsEmpty(ListItem.FolderName)</visible>
            </item>
            <item>
                <label>$LOCALIZE[573]</label>
                <label2>$INFO[ListItem.Path]</label2>
                <visible>!String.IsEmpty(ListItem.Path)</visible>
            </item>
            <item>
                <label>$LOCALIZE[14241]</label>
                <label2>$INFO[ListItem.Size]$INFO[ListItem.Date, (,)]</label2>
                <visible>!String.IsEmpty(ListItem.Size)</visible>
            </item>
            <item>
                <label>$LOCALIZE[570]</label>
                <label2>$INFO[ListItem.DateAdded]</label2>
                <visible>!String.IsEmpty(ListItem.DateAdded)</visible>
            </item>
            <item>
                <label>$LOCALIZE[568]</label>
                <label2>$INFO[ListItem.LastPlayed]$INFO[ListItem.Playcount,$COMMA , $LOCALIZE[31096]]</label2>
                <visible>!String.IsEmpty(ListItem.LastPlayed)</visible>
            </item>
            <item>
                <label>$LOCALIZE[31207]</label>
                <label2>$INFO[ListItem.VideoCodec]$VAR[Label_ListItem_VideoQuality, • ,]$INFO[ListItem.HdrType, • ,]$INFO[ListItem.VideoAspect, • ,]$INFO[ListItem.AudioCodec, • ,]$VAR[Label_ListItem_AudioChannels, • ,]</label2>
                <visible>!String.IsEmpty(ListItem.VideoCodec)</visible>
            </item>
            <item>
                <label>IDs</label>
                <label2>$INFO[ListItem.DBID,DBID: ,]$INFO[ListItem.UniqueID(tmdb), • TMDb: ,]$INFO[ListItem.UniqueID(imdb), • IMDb: ,]$INFO[ListItem.UniqueID(tvdb), • TVDb: ,]</label2>
                <visible>!String.IsEmpty(ListItem.DBID)</visible>
            </item>
            <item>
                <label>URI</label>
                <label2>$INFO[ListItem.FolderPath]</label2>
                <visible>!String.IsEmpty(ListItem.FolderPath)</visible>
            </item>
        </content>
    </include>

    <include name="DialogPictureInfo_PlayerProcessInfo_Items">
        <content>

            <!-- Process -->
            <item>
                <label>$LOCALIZE[38031]</label>
                <label2>$INFO[Player.Process(videodar),, $LOCALIZE[31260]]$INFO[Player.Process(videofps),$COMMA , $LOCALIZE[31259]]$INFO[VideoPlayer.VideoBitrate,$COMMA , kb/s]</label2>
            </item>
            <item>
                <label>$LOCALIZE[169]</label>
                <label2>$INFO[Player.Process(videowidth),,x]$INFO[Player.Process(videoheight),, $LOCALIZE[31261]]</label2>
            </item>
            <include content="DialogPictureInfo_PlayerProcessInfo_Items_VideoObject">
                <param name="label">$LOCALIZE[31216]</param>
                <param name="info">Player.Process(videodecoder)</param>
                <param name="affix">$VAR[Label_VideoHWDecoder, (,)]$INFO[Player.Process(amlogic.displaymode)]</param>
            </include>
            <include content="DialogPictureInfo_PlayerProcessInfo_Items_VideoObject">
                <param name="label">$LOCALIZE[31217]</param>
                <param name="info">Player.Process(pixformat)</param>
                <param name="affix">$INFO[Player.Process(amlogic.pixformat), ,]</param>
            </include>
            <include content="DialogPictureInfo_PlayerProcessInfo_Items_VideoObject">
                <param name="label">$LOCALIZE[31119]</param>
                <param name="info">Player.Process(amlogic.eoft_gamut)</param>
            </include>
            <item>
                <label>$LOCALIZE[20474]</label>
                <label2>$VAR[Label_VideoHDRCodec]$INFO[VideoPlayer.VideoCodec, • [UPPERCASE],[/UPPERCASE]]</label2>
            </item>
            <item>
                <label>$LOCALIZE[292]</label>
                <label2>$VAR[Label_VideoPlayer_AudioChannels]$INFO[VideoPlayer.AudioCodec, • [UPPERCASE],[/UPPERCASE]]</label2>
            </item>
            <item>
                <label>$LOCALIZE[31256] ($LOCALIZE[31117])</label>
                <label2>$INFO[system.memory(used)] / $INFO[system.memory(total)] • $INFO[System.Memory(used.percent)]</label2>
            </item>
            <item>
                <label>$LOCALIZE[31256] ($LOCALIZE[31258])</label>
                <label2>$INFO[System.CpuFrequency]$VAR[Label_System_Temp, • ,]$INFO[System.CpuUsage, • ,]</label2>
            </item>
            <include content="DialogPictureInfo_PlayerProcessInfo_Items_VideoObject">
                <param name="label">$LOCALIZE[16038]</param>
                <param name="info">Player.Process(deintmethod)</param>
            </include>

            <!-- PVR -->
            <include content="DialogPictureInfo_PlayerProcessInfo_Items_PVRObject">
                <param name="label">$LOCALIZE[19099]</param>
                <param name="info">PVR.ActStreamServiceName</param>
            </include>
            <include content="DialogPictureInfo_PlayerProcessInfo_Items_PVRObject">
                <param name="label">$LOCALIZE[19101]</param>
                <param name="info">PVR.ActStreamProviderName</param>
            </include>
            <include content="DialogPictureInfo_PlayerProcessInfo_Items_PVRObject">
                <param name="label">$LOCALIZE[19010]</param>
                <param name="info">PVR.ActStreamBer</param>
            </include>
            <include content="DialogPictureInfo_PlayerProcessInfo_Items_PVRObject">
                <param name="label">$LOCALIZE[19011]</param>
                <param name="info">PVR.ActStreamUnc</param>
            </include>
            <include content="DialogPictureInfo_PlayerProcessInfo_Items_PVRObject">
                <param name="label">$LOCALIZE[19100]</param>
                <param name="info">PVR.ActStreamMux</param>
            </include>
            <include content="DialogPictureInfo_PlayerProcessInfo_Items_PVRObject">
                <param name="label">$LOCALIZE[19007]</param>
                <param name="info">PVR.ActStreamStatus</param>
            </include>
            <include content="DialogPictureInfo_PlayerProcessInfo_Items_PVRObject">
                <param name="label">$LOCALIZE[19006]</param>
                <param name="info">PVR.ActStreamDevice</param>
            </include>
            <include content="DialogPictureInfo_PlayerProcessInfo_Items_PVRObject">
                <param name="label">$LOCALIZE[19015]</param>
                <param name="info">PVR.ActStreamEncryptionName</param>
            </include>
            <include content="DialogPictureInfo_PlayerProcessInfo_Items_PVRObject">
                <param name="label">$LOCALIZE[19008]</param>
                <param name="info">PVR.ActStreamSignal</param>
            </include>
            <include content="DialogPictureInfo_PlayerProcessInfo_Items_PVRObject">
                <param name="label">$LOCALIZE[19009]</param>
                <param name="info">PVR.ActStreamSNR</param>
            </include>
            <include content="DialogPictureInfo_PlayerProcessInfo_Items_PVRObject">
                <param name="label">$LOCALIZE[19012]</param>
                <param name="info">PVR.ActStreamClient</param>
            </include>
        </content>
    </include>
</includes>
