<?xml version="1.0" encoding="UTF-8"?>
<window type="window" id="1108">
    <include content="Hub_Onload">
        <param name="window_id">1108</param>
    </include>
    <controls>
        <include>Background</include>

        <include>Hub_Window_Refocus_Buttons</include>

        <include content="Home_Control">
            <param name="window">1108</param>
            <param name="overlay">true</param>
            <onup>ActivateWindow(1181)</onup>
            <oninfo>ActivateWindow(1181)</oninfo>
            <ondown>$VAR[Hub_Action_Down]</ondown>
            <onback>303</onback>
        </include>

        <control type="group">
            <include>Animation_Group_Bumper</include>

            <include content="Hub_Widget_Switcher">
                <param name="home_switcher">true</param>
                <param name="include_content">Hub_Addons_Items</param>
            </include>

            <!-- Widgets Groups -->
            <control type="group" id="500">
                <include content="Hub_Combined_Widgets_Grouplist">
                    <include>Hub_Addons_Widgets</include>
                </include>
            </control>

            <control type="group">
                <include>Furniture_Reposition</include>
                <visible>!$EXP[Exp_InfoDialogs]</visible>
                <include>Furniture_Footer_Right</include>
            </control>

            <include>Home_Switcher</include>
        </control>


    </controls>
</window>