{
    "folder": "1080i",
    "output": "script-skinvariables-generator-includes-{skinuser}.xml",
    "header": "<?xml version=\"1.0\" encoding=\"UTF-8\"?>\n<includes>",
    "footer": "</includes>",
    "buildv": "0.1.4",
    "skinid": "skin.arctic.fuse.3",
    "getnfo": {},
    "global": {
        "parts_visible": {"template": "True"},
        "widget_category_visible": {"template": "True"}
    },
    "genxml": [
        {"datafile": "generator/data/base/home_widgets.xml"},
        {"datafile": "generator/data/base/home_submenu.xml"},
        {"datafile": "generator/data/base/power_main.xml"},
        {"datafile": "generator/data/base/power_tray.xml"},
        {"datafile": "generator/data/base/search_widgets.xml"},
        {"datafile": "generator/data/base/search_widgets_standard.xml"},
        {"datafile": "generator/data/base/search_selector.xml"},
        {"datafile": "generator/data/base/search_info.xml"}
    ]
}
