{
    "infolabels": {
        "StartupReplaceWindow": "Window(Home).Property(StartupReplaceWindow)",
        "StartupWindow": "System.StartupWindow",
        "VideoPath": "Skin.String(Startup.VideoPath)"
    },
    "values": {
        "ReplaceWindowCommand": [
            {
                "rules": ["{StartupReplaceWindow}!="],
                "value": "ReplaceWindow({StartupReplaceWindow})"
            },
            "ReplaceWindow({StartupWindow})"
        ]
    },
    "actions": [
        [{
            "rules": [
                "String.IsEmpty(Window.Property(ReloadDone))"],
            "value": [
                [{
                    "rules": [
                        "String.IsEmpty(Window.Property(ReloadDone))",
                        "!Skin.HasSetting(DefaultConfig.InitDone)"],
                    "value": [
                        "Skin.SetBool(TMDbHelper.EnableCrop)",
                        "Skin.SetBool(TMDbHelper.EnableBlur)",
                        "Skin.SetBool(TMDbHelper.Service)",
                        "Skin.SetString(Background.DialogImage,Adaptive)",
                        "Skin.SetString(Background.Image,special://skin/extras/backgrounds/blur/purple_blur.jpg)",
                        "Skin.SetString(HomeSwitcher.1107.Toggle,true)",
                        "Skin.SetString(HomeSwitcher.Home.Shortcut.Path,ActivateWindow(1181))",
                        "Skin.SetString(HomeSwitcher.Home.Spotlight.Path,special://skin/extras/playlists/RandomMovies.xsp)",
                        "Skin.SetString(HomeSwitcher.Home.Spotlight.Target,videos)",
                        "Skin.SetString(HomeSwitcher.Home.Spotlight.Label,Random Movies)",
                        "Skin.SetBool(DefaultConfig.InitDone)"
                    ]
                }],
                "Skin.SetBool(TMDbHelper.UseLocalWidgetContainer)",
                "Skin.SetBool(TMDbHelper.DisableExtendedProperties)",
                "Skin.SetBool(TMDbHelper.EnableCurrentWindowImages)",
                "Skin.SetBool(TMDbHelper.DirectCallAuto)",
                "Skin.Reset(TMDbHelper.MonitorContainer)",
                "Skin.Reset(TMDbHelper.DisableArtwork)",
                "Skin.SetString(TMDbHelper.Corner.Radius,20)",

                "Skin.SetString(SkinConstant.Numeric.00,$NUMBER[0])",
                "Skin.SetString(SkinConstant.Numeric.01,$NUMBER[1])",
                "Skin.SetString(SkinConstant.Numeric.02,$NUMBER[2])",
                "Skin.SetString(SkinConstant.Numeric.03,$NUMBER[3])",
                "Skin.SetString(SkinConstant.Numeric.04,$NUMBER[4])",
                "Skin.SetString(SkinConstant.Numeric.05,$NUMBER[5])",
                "Skin.SetString(SkinConstant.Numeric.06,$NUMBER[6])",
                "Skin.SetString(SkinConstant.Numeric.07,$NUMBER[7])",
                "Skin.SetString(SkinConstant.Numeric.08,$NUMBER[8])",
                "Skin.SetString(SkinConstant.Numeric.09,$NUMBER[9])",
                "Skin.SetString(SkinConstant.Numeric.10,$NUMBER[10])",
                "Skin.SetString(SkinConstant.Numeric.11,$NUMBER[11])",
                "Skin.SetString(SkinConstant.Numeric.12,$NUMBER[12])",
                "Skin.SetString(SkinConstant.Numeric.13,$NUMBER[13])",
                "Skin.SetString(SkinConstant.Numeric.14,$NUMBER[14])",
                "Skin.SetString(SkinConstant.Numeric.15,$NUMBER[15])",
                "Skin.SetString(SkinConstant.Numeric.16,$NUMBER[16])",
                "Skin.SetString(SkinConstant.Numeric.17,$NUMBER[17])",
                "Skin.SetString(SkinConstant.Numeric.18,$NUMBER[18])",
                "Skin.SetString(SkinConstant.Numeric.19,$NUMBER[19])",
                [{
                    "rules": ["String.IsEmpty(Skin.String(Navigation.OnBack))"],
                    "value": "Skin.SetString(Navigation.OnBack,Parent)"
                }],
                [{
                    "rules": ["String.IsEmpty(Skin.String(CustomRating.Movies.Item01))"],
                    "value": "Skin.SetString(CustomRating.Movies.Item01,Trakt)"
                }],
                [{
                    "rules": ["String.IsEmpty(Skin.String(CustomRating.Movies.Item02))"],
                    "value": "Skin.SetString(CustomRating.Movies.Item02,Metacritic)"
                }],
                [{
                    "rules": ["String.IsEmpty(Skin.String(CustomRating.TVShows.Item01))"],
                    "value": "Skin.SetString(CustomRating.TVShows.Item01,Trakt)"
                }],
                [{
                    "rules": ["String.IsEmpty(Skin.String(CustomRating.TVShows.Item02))"],
                    "value": "Skin.SetString(CustomRating.TVShows.Item02,Metacritic)"
                }],
                [{
                    "rules": ["String.IsEmpty(Skin.String(DialogInfo.Movies.Item01))"],
                    "value": "Skin.SetString(DialogInfo.Movies.Item01,Trailer)"
                }],
                [{
                    "rules": ["String.IsEmpty(Skin.String(DialogInfo.Movies.Item02))"],
                    "value": "Skin.SetString(DialogInfo.Movies.Item02,Trakt)"
                }],
                [{
                    "rules": ["String.IsEmpty(Skin.String(DialogInfo.Movies.Item03))"],
                    "value": "Skin.SetString(DialogInfo.Movies.Item03,Wikipedia)"
                }],
                [{
                    "rules": ["String.IsEmpty(Skin.String(DialogInfo.Others.Item01))"],
                    "value": "Skin.SetString(DialogInfo.Others.Item01,Trailer)"
                }],
                [{
                    "rules": ["String.IsEmpty(Skin.String(DialogInfo.Others.Item02))"],
                    "value": "Skin.SetString(DialogInfo.Others.Item02,Trakt)"
                }],
                [{
                    "rules": ["String.IsEmpty(Skin.String(DialogInfo.Others.Item03))"],
                    "value": "Skin.SetString(DialogInfo.Others.Item03,Wikipedia)"
                }],
                "SetProperty(InitStatus,Reticulating Splines,1198)",
                "RunScript(plugin.video.themoviedb.helper,blur_image={var_image_simplebackground},prefix=SimpleBackground)"
            ]
        }],

        "SetProperty(ReloadDone,1)",
        "SetProperty(ReloadDone,1,Home)",

        "sleep=0.5",
        {
            "rules": [
                "!Skin.HasSetting(Startup.DisableWaitForLoad)",
                "System.HasAlarm(SplashTimeOut)",
                "System.HasPVRAddon",
                "!PVR.HasTVChannels",
                "!PVR.HasRadioChannels"
            ],
            "value": [
                "SetProperty(InitStatus,Waiting for PVR,1198)",
                "route=run_executebuiltin=special://skin/shortcuts/skinvariables-startup.json&use_rules=True&var_image_simplebackground={var_image_simplebackground}"
            ]
        },

        "{ReplaceWindowCommand}",
        {
            "rules": ["{VideoPath}!="],
            "value": [
                "PlayMedia(\"{VideoPath}\")"
            ]
        }
    ]
}