<?xml version="1.0" encoding="UTF-8"?>
<includes>

    <expression name="DialogSelect_Conditional_Buttons_Expression">[[[Control.IsEnabled(5) + Control.IsVisible(5)] | [Control.IsEnabled(8) + Control.IsVisible(8)]] + ![[Window.IsVisible(gamevideofilter) | Window.IsVisible(gamestretchmode) | Window.IsVisible(gamesaves) | Window.IsVisible(gamevideorotation) | Window.IsVisible(ingamesaves)]]]</expression>

    <include name="DialogSelect_Standard">
        <include>Part_Dim_Overlay</include>
        <control type="group">
            <include>Animation_BounceIn_Dialog</include>
            <include content="Part_Conditional_Backing">
                <param name="visible">$EXP[DialogSelect_Conditional_Buttons_Expression]</param>
                <param name="items">DialogSelect_Standard_Items</param>
            </include>
            <control type="group">
                <include>Dimension_DialogWideMenu</include>
                <include content="Size_SlideOver_Conditional_Buttons">
                    <param name="condition">$EXP[DialogSelect_Conditional_Buttons_Expression]</param>
                </include>
                <!-- Content -->
                <control type="group" id="8000">
                    <include>Size_Dialog_Pad</include>
                    <control type="group">
                        <include>Size_Group_Head</include>
                        <include content="Part_HeadText">
                            <param name="label">$VAR[Label_ProfileName]</param>
                            <param name="visible">!Control.IsVisible(6)</param>
                        </include>
                        <include content="Part_HeadText">
                            <param name="id">0</param>
                            <param name="label">$INFO[Control.GetLabel(1)]</param>
                            <param name="visible">Control.IsVisible(6)</param>
                        </include>
                        <include content="Part_ItemPage">
                            <param name="id">3</param>
                        </include>
                        <include content="Part_ItemPage">
                            <param name="id">6</param>
                        </include>
                        <include>Part_CloseButton</include>
                    </control>
                    <control type="group">
                        <include>Size_Group_Body</include>
                        <include content="List_Dialog">
                            <param name="id">3</param>
                            <pagecontrol>61</pagecontrol>
                            <onright>61</onright>
                            <include>Size_Grouplist_Pad</include>
                        </include>
                        <include content="List_Dialog" condition="![[Window.IsVisible(gamevideofilter) | Window.IsVisible(gamestretchmode) | Window.IsVisible(gamesaves) | Window.IsVisible(gamevideorotation) | Window.IsVisible(ingamesaves)]]">
                            <param name="id">6</param>
                            <param name="item_height">128</param>
                            <param name="itemlayout_include">List_Layout_Dialog_DetailedCheckmark</param>
                            <param name="detailed">true</param>
                            <pagecontrol>62</pagecontrol>
                            <onright>62</onright>
                            <include>Size_Grouplist_Pad</include>
                        </include>
                        <include content="List_DialogSelect" condition="[Window.IsVisible(gamevideofilter) | Window.IsVisible(gamestretchmode) | Window.IsVisible(gamesaves) | Window.IsVisible(gamevideorotation) | Window.IsVisible(ingamesaves)]">
                            <param name="id">10811</param>
                            <param name="itemlayout_include">Layout_GameFilter</param>
                            <param name="item_height">128</param>
                            <param name="textcolor">dialog_fg</param>
                            <pagecontrol>63</pagecontrol>
                            <onright>63</onright>
                            <include>Size_Grouplist_Pad</include>
                        </include>
                    </control>

                    <control type="group">
                        <include content="Part_Scrollbar">
                            <param name="id">61</param>
                            <visible>Control.IsVisible(3)</visible>
                            <onleft>3</onleft>
                            <onright>9000</onright>
                        </include>
                        <include content="Part_Scrollbar">
                            <param name="id">62</param>
                            <visible>Control.IsVisible(6)</visible>
                            <onleft>6</onleft>
                            <onright>9000</onright>
                        </include>
                        <include content="Part_Scrollbar">
                            <param name="id">63</param>
                            <visible>Control.IsVisible(10811)</visible>
                            <onleft>10811</onleft>
                            <onright>9000</onright>
                        </include>
                    </control>
                </control>
            </control>
        </control>
    </include>

    <include name="DialogSelect_Viewtype">
        <include>Part_Dim_Overlay</include>
        <control type="group">
            <include>Dimension_DialogFullMenu</include>
            <include>Animation_BounceIn_Dialog</include>
            <include content="Part_Background_Panel">
                <param name="dialog_size">Dimension_DialogFullMenu</param>
                <param name="topline">false</param>
            </include>
            <!-- Content -->
            <control type="group" id="8000">
                <include>Size_Dialog_Pad</include>
                <control type="group">
                    <include>Part_Panel</include>
                    <control type="group">
                        <include>Size_Group_Head</include>
                        <include content="Part_HeadText">
                            <param name="id">1</param>
                            <param name="label">$PARAM[header]</param>
                        </include>
                        <include content="Part_ItemPage">
                            <param name="id">3</param>
                        </include>
                        <include>Part_CloseButton</include>
                    </control>
                    <control type="group">
                        <include>Size_Group_Body</include>

                        <control type="group">
                            <left>0</left>
                            <right>0</right>
                            <top>20</top>
                            <bottom>20</bottom>
                            <control type="grouplist">
                                <orientation>horizontal</orientation>
                                <itemgap>0</itemgap>
                                <control type="group">
                                    <width>1000</width>
                                    <height>580</height>
                                    <animation effect="fade" start="100" end="50" condition="true">Conditional</animation>
                                    <include content="Layout_ViewType">
                                        <param name="selected">false</param>
                                        <param name="icon">$INFO[Container(3).ListItem(-1).Icon]</param>
                                    </include>
                                </control>
                                <control type="group">
                                    <width>1000</width>
                                    <height>580</height>
                                    <include content="Layout_ViewType">
                                        <param name="selected">true</param>
                                        <param name="icon">$INFO[Container(3).ListItem.Icon]</param>
                                    </include>
                                </control>
                                <control type="group">
                                    <width>1000</width>
                                    <height>580</height>
                                    <animation effect="fade" start="100" end="50" condition="true">Conditional</animation>
                                    <include content="Layout_ViewType">
                                        <param name="selected">false</param>
                                        <param name="icon">$INFO[Container(3).ListItem(1).Icon]</param>
                                    </include>
                                </control>
                            </control>

                            <control type="wraplist" id="3">

                                <include content="Animation_ConditionalFade">
                                    <param name="condition">true</param>
                                </include>

                                <orientation>horizontal</orientation>
                                <focusposition>1</focusposition>
                                <preloaditems>2</preloaditems>
                                <scrolltime>0</scrolltime>

                                <itemlayout width="1000" height="580">
                                    <include content="Layout_ViewType">
                                        <param name="selected">false</param>
                                    </include>
                                </itemlayout>

                                <focusedlayout width="1000" height="580">
                                    <include content="Layout_ViewType">
                                        <param name="selected">false</param>
                                    </include>
                                </focusedlayout>

                                <include>$PARAM[include_content]</include>
                            </control>
                        </control>

                        <control type="group">
                            <height>105</height>
                            <bottom>-5</bottom>
                            <left>40</left>
                            <right>40</right>

                            <control type="button">
                                <texturenofocus />
                                <texturefocus />
                                <width>400</width>
                                <onclick>Control.Move(3,-1)</onclick>
                            </control>
                            <control type="label">
                                <left>40</left>
                                <textcolor>dialog_fg_70</textcolor>
                                <align>left</align>
                                <font>font_mini</font>
                                <label>$INFO[Container(3).ListItem(-1).Label]</label>
                            </control>
                            <control type="image">
                                <centerleft>0</centerleft>
                                <centertop>50%</centertop>
                                <width>40</width>
                                <height>40</height>
                                <bordersize>-12</bordersize>
                                <texture background="true" colordiffuse="dialog_fg_90">special://skin/extras/icons/circle-arrow-left.png</texture>
                            </control>

                            <control type="label">
                                <left>400</left>
                                <right>400</right>
                                <textcolor>dialog_fg_90</textcolor>
                                <align>center</align>
                                <font>font_main_bold</font>
                                <label>$INFO[Container(3).ListItem.Label]</label>
                            </control>

                            <control type="button">
                                <texturenofocus />
                                <texturefocus />
                                <right>0</right>
                                <width>400</width>
                                <onclick>Control.Move(3,1)</onclick>
                            </control>
                            <control type="label">
                                <right>40</right>
                                <textcolor>dialog_fg_70</textcolor>
                                <align>right</align>
                                <font>font_mini</font>
                                <label>$INFO[Container(3).ListItem(1).Label]</label>
                            </control>
                            <control type="image">
                                <centerright>0</centerright>
                                <centertop>50%</centertop>
                                <width>40</width>
                                <height>40</height>
                                <bordersize>-12</bordersize>
                                <texture background="true" colordiffuse="dialog_fg_90">special://skin/extras/icons/circle-arrow-right.png</texture>
                            </control>
                        </control>

                    </control>
                    <!-- <include content="Part_Scrollbar">
                        <param name="id">61</param>
                        <onleft>3</onleft>
                        <onright>9000</onright>
                    </include> -->
                </control>
            </control>
        </control>
    </include>


    <include name="DialogSelect_GameFilters">
        <include>Part_Dim_Overlay</include>
        <control type="group">
            <include>Dimension_DialogMainMenu</include>
            <include>Animation_BounceIn_Dialog</include>
            <include content="Part_Background_Panel">
                <param name="dialog_size">Dimension_DialogMainMenu</param>
                <param name="topline">false</param>
            </include>
            <!-- Content -->
            <control type="group" id="8000">
                <include>Size_Dialog_Pad</include>
                <control type="group">
                    <width>480</width>
                    <right>0</right>
                    <include>Part_Panel</include>
                    <control type="group">
                        <include>Size_Group_Head</include>
                        <include content="Part_HeadText">
                            <param name="id">1</param>
                            <param name="label">$VAR[Label_GameOSD_Heading]</param>
                        </include>
                        <include content="Part_ItemPage">
                            <param name="id">3</param>
                        </include>
                        <include>Part_CloseButton</include>
                    </control>
                    <control type="group">
                        <include>Size_Group_Body</include>
                        <include content="List_Dialog">
                            <param name="id">10811</param>
                            <pagecontrol>61</pagecontrol>
                            <onright>61</onright>
                            <include>Size_Grouplist_Pad</include>
                            <include>$PARAM[include_content]</include>
                        </include>
                    </control>
                    <include content="Part_Scrollbar">
                        <param name="id">61</param>
                        <onleft>10811</onleft>
                    </include>
                </control>
                <control type="group">
                    <right>480</right>
                    <control type="group">
                        <include>Size_Dialog_Pad</include>
                        <control type="image">
                            <texture border="20" colordiffuse="black">common/dialog.png</texture>
                        </control>
                        <control type="image">
                            <aspectratio>scale</aspectratio>
                            <texture border="4">$INFO[Container(10811).ListItem.Icon]</texture>
                            <bordertexture colordiffuse="black" border="20">common/dialog.png</bordertexture>
                            <bordersize>20</bordersize>
                        </control>
                        <control type="group">
                            <left>20</left>
                            <right>20</right>
                            <control type="gamewindow">
                                <videofilter>$INFO[Container(10811).ListItem.Property(game.videofilter)]</videofilter>
                                <stretchmode>$INFO[Container(10811).ListItem.Property(game.stretchmode)]</stretchmode>
                                <rotation>$INFO[Container(10811).ListItem.Property(game.videorotation)]</rotation>
                                <visible>String.IsEmpty(Container(10811).ListItem.Art(screenshot))</visible>
                            </control>
                        </control>
                        <control type="image">
                            <aspectratio>scale</aspectratio>
                            <texture border="4">$INFO[Container(10811).ListItem.Art(screenshot)]</texture>
                            <bordertexture colordiffuse="black" border="20">common/dialog.png</bordertexture>
                            <bordersize>20</bordersize>
                        </control>
                    </control>
                </control>
            </control>
        </control>
    </include>

    <include name="DialogSelect_Versions">
        <param name="headerid">1</param>
        <param name="hasbuttons">False</param>
        <param name="listid">6</param>
        <param name="dimension">Dimension_DialogFullMenu</param>
        <definition>
            <include>Part_Dim_Overlay</include>
            <control type="group">
                <include>$PARAM[dimension]</include>
                <include>Animation_BounceIn_Dialog</include>
                <include content="Part_Background_Panel">
                    <param name="dialog_size">$PARAM[dimension]</param>
                    <param name="topline">false</param>
                </include>
                <!-- Content -->
                <control type="group" id="8000">
                    <include>Size_Dialog_Pad</include>

                    <!-- Left -->
                    <control type="group">
                        <include>Size_LeftGroup_Large</include>
                        <!-- <width>constant_group_large_w</width>
                        <right>0</right>
                        <include>Part_Panel</include> -->
                        <include content="DialogPlot_Artwork">
                            <param name="poster_icon">$VAR[Image_VideoVersion_Poster]</param>
                        </include>
                    </control>
                    <control type="group">
                        <include>Part_Panel</include>
                        <include>Size_RightGroup_Large</include>
                        <!-- <right>constant_group_large_w</right> -->
                        <control type="group">
                            <include>Size_Group_Head</include>
                            <include content="Part_HeadText">
                                <param name="id">$PARAM[headerid]</param>
                                <param name="label">$VAR[Label_ProfileName]</param>
                            </include>
                            <include content="Part_ItemPage">
                                <param name="id">$PARAM[listid]</param>
                            </include>
                            <include>Part_CloseButton</include>
                        </control>
                        <control type="group">
                            <include>Size_Group_Body</include>
                            <include content="Object_Hidden_List" condition="![$PARAM[hasbuttons]]">
                                <param name="id">3</param>
                            </include>
                            <control type="list" id="$PARAM[listid]">
                                <pagecontrol>61</pagecontrol>
                                <onright>61</onright>
                                <include>Size_Grouplist_Pad</include>
                                <itemlayout height="160">
                                    <include content="List_Layout_Dialog_VideoVersions">
                                        <param name="selected">false</param>
                                        <param name="item_h">160</param>
                                        <param name="id">$PARAM[listid]</param>
                                    </include>
                                </itemlayout>
                                <focusedlayout height="160">
                                    <include content="List_Layout_Dialog_VideoVersions">
                                        <param name="selected">true</param>
                                        <param name="item_h">160</param>
                                        <param name="id">$PARAM[listid]</param>
                                    </include>
                                </focusedlayout>
                            </control>
                        </control>
                        <control type="group">
                            <include content="Part_Scrollbar">
                                <param name="id">61</param>
                                <onleft>$PARAM[listid]</onleft>
                                <onright>9000</onright>
                            </include>
                        </control>
                    </control>
                </control>
            </control>
            <include condition="$PARAM[hasbuttons]">DialogSelect_Versions_Buttons</include>
        </definition>
    </include>

    <include name="DialogSelect_Versions_Buttons">
        <control type="group">
            <include content="Part_Dim_Overlay">
                <param name="visible">ControlGroup(9000).HasFocus()</param>
            </include>
            <control type="group">
                <visible>ControlGroup(9000).HasFocus()</visible>
                <include>Animation_BounceIn_Dialog</include>
                <include content="Part_Dialog_Backing_Resizeable">
                    <param name="id">9000</param>
                </include>
            </control>
            <control type="group">
                <visible>ControlGroup(9000).HasFocus()</visible>
                <include content="DialogCustom_Resizer_Slide">
                    <param name="id">9000</param>
                </include>
                <control type="group">
                    <include>Size_Dialog_Pad</include>
                    <control type="group">
                        <include>Size_Group_Head</include>
                        <include content="Part_HeadText">
                            <param name="id">9999</param>
                            <param name="label">$LOCALIZE[33063]</param>
                        </include>
                        <include content="Part_ItemPage">
                            <param name="id">9000</param>
                        </include>
                        <include content="Part_CloseButton">
                            <param name="id">9998</param>
                            <param name="groupid">9997</param>
                            <param name="onclick">SetFocus(50)</param>
                        </include>
                    </control>
                    <control type="group">
                        <include>Size_Group_Body</include>
                        <control type="grouplist" id="9000">
                            <include>Size_Grouplist_Pad</include>
                            <include>DialogSelect_Versions_Items</include>
                        </control>
                    </control>
                </control>
            </control>
        </control>
    </include>

    <variable name="DialogSelect_SideButtons_Label_5">
        <value condition="String.IsEqual(Control.GetLabel(5),$LOCALIZE[21335])">$LOCALIZE[744]</value>
        <value condition="String.IsEqual(Control.GetLabel(5),$LOCALIZE[13516])">$LOCALIZE[467]</value>
        <value condition="String.IsEqual(Control.GetLabel(5),$LOCALIZE[21452])">$LOCALIZE[15019]</value>
        <value>$INFO[Control.GetLabel(5)]</value>
    </variable>
    <variable name="DialogSelect_SideButtons_Image_5">
        <value condition="String.IsEqual(Control.GetLabel(5),$LOCALIZE[21335])">special://skin/extras/icons/filebox.png</value>
        <value condition="String.IsEqual(Control.GetLabel(5),$LOCALIZE[186])">special://skin/extras/icons/circle-check.png</value>
        <value>special://skin/extras/icons/circle-plus.png</value>
    </variable>

    <variable name="DialogSelect_SideButtons_Label_7">
        <value condition="String.IsEqual(Control.GetLabel(7),$LOCALIZE[222])">$LOCALIZE[15067]</value>
        <value>$INFO[Control.GetLabel(7)]</value>
    </variable>

    <variable name="DialogSelect_SideButtons_Label_8">
        <value condition="String.IsEqual(Control.GetLabel(5),$LOCALIZE[21335])">$LOCALIZE[14022]</value>
        <value>$INFO[Control.GetLabel(8)]</value>
    </variable>
    <variable name="DialogSelect_SideButtons_Image_8">
        <value condition="String.IsEqual(Control.GetLabel(5),$LOCALIZE[21335])">special://skin/extras/icons/book.png</value>
        <value condition="String.IsEqual(Control.GetLabel(8),$LOCALIZE[186])">special://skin/extras/icons/circle-check.png</value>
        <value>special://skin/extras/icons/circle-plus.png</value>
    </variable>

    <!-- Items -->
    <include name="DialogSelect_Standard_Items">
        <include content="Button_Dialog">
            <param name="id">9001</param>
            <param name="groupid">9101</param>
            <label>$VAR[DialogSelect_SideButtons_Label_5]</label>
            <param name="icon">$VAR[DialogSelect_SideButtons_Image_5]</param>
            <visible>Control.IsEnabled(5) + Control.IsVisible(5)</visible>
            <onclick>SetFocus(5)</onclick>
            <onclick>Action(Select)</onclick>
        </include>

        <include content="Button_Dialog">
            <param name="id">9002</param>
            <param name="groupid">9102</param>
            <label>$VAR[DialogSelect_SideButtons_Label_8]</label>
            <param name="icon">$VAR[DialogSelect_SideButtons_Image_8]</param>
            <visible>Control.IsEnabled(8) + Control.IsVisible(8)</visible>
            <onclick>SetFocus(8)</onclick>
            <onclick>Action(Select)</onclick>
        </include>

        <include content="Button_Dialog">
            <param name="id">9003</param>
            <param name="groupid">9103</param>
            <label>$VAR[DialogSelect_SideButtons_Label_7]</label>
            <param name="icon">special://skin/extras/icons/circle-xmark.png</param>
            <visible>Control.IsEnabled(7) + Control.IsVisible(7)</visible>
            <onclick>SetFocus(7)</onclick>
            <onclick>Action(Select)</onclick>
        </include>
    </include>

    <include name="DialogSelect_Versions_Items">
        <definition>
            <include content="Settings_ButtonImage">
                <param name="id">21</param>
                <param name="groupid">9321</param>
                <param name="control">button</param>
                <param name="dialog">true</param>
                <param name="icon">special://skin/extras/icons/play3.png</param>
                <label>$LOCALIZE[208]</label>
                <visible>Control.IsEnabled(21)</visible>
                <onback>50</onback>
            </include>
            <include content="Settings_ButtonImage">
                <param name="id">22</param>
                <param name="groupid">9322</param>
                <param name="control">button</param>
                <param name="dialog">true</param>
                <param name="icon">special://skin/extras/icons/circle-plus.png</param>
                <label>$LOCALIZE[15019]</label>
                <visible>Control.IsEnabled(22) + Window.IsVisible(managevideoversions)</visible>
                <onback>50</onback>
            </include>
            <include content="Settings_ButtonImage">
                <param name="id">23</param>
                <param name="groupid">9323</param>
                <param name="control">button</param>
                <param name="dialog">true</param>
                <param name="icon">special://skin/extras/icons/circle-plus.png</param>
                <label>$LOCALIZE[15019]</label>
                <visible>Control.IsEnabled(23) + Window.IsVisible(managevideoextras)</visible>
                <onback>50</onback>
            </include>
            <include content="Settings_ButtonImage">
                <param name="id">24</param>
                <param name="groupid">9324</param>
                <param name="control">button</param>
                <param name="dialog">true</param>
                <param name="icon">special://skin/extras/icons/i-cursor.png</param>
                <label>$LOCALIZE[118]</label>
                <visible>Control.IsEnabled(24)</visible>
                <onback>50</onback>
            </include>
            <include content="Settings_ButtonImage">
                <param name="id">25</param>
                <param name="groupid">9325</param>
                <param name="control">button</param>
                <param name="dialog">true</param>
                <param name="icon">special://skin/extras/icons/heart-circle-plus.png</param>
                <label>$LOCALIZE[571]</label>
                <visible>Control.IsEnabled(25) + Window.IsVisible(managevideoversions)</visible>
                <onback>50</onback>
            </include>
            <include content="Settings_ButtonImage">
                <param name="id">26</param>
                <param name="groupid">9326</param>
                <param name="control">button</param>
                <param name="dialog">true</param>
                <param name="icon">special://skin/extras/icons/trash-can.png</param>
                <label>$LOCALIZE[1210]</label>
                <visible>Control.IsEnabled(26)</visible>
                <onback>50</onback>
            </include>
            <include content="Settings_ButtonImage">
                <param name="id">27</param>
                <param name="groupid">9327</param>
                <param name="control">button</param>
                <param name="dialog">true</param>
                <param name="icon">special://skin/extras/icons/images.png</param>
                <label>$LOCALIZE[39123]</label>
                <visible>Control.IsEnabled(27)</visible>
                <onback>50</onback>
            </include>
            <include content="Settings_ButtonImage">
                <param name="id">9001</param>
                <param name="groupid">9301</param>
                <param name="control">button</param>
                <param name="dialog">true</param>
                <param name="icon">special://skin/extras/icons/circle-xmark.png</param>
                <label>$LOCALIZE[15067]</label>
                <onclick>SetFocus(50)</onclick>
                <onback>50</onback>
            </include>
        </definition>
    </include>

    <include name="DialogSelect_WidgetMode_Items">
        <content>
            <item>
                <label>$LOCALIZE[10037]</label>
                <icon>special://skin/extras/modes/standard.jpg</icon>
                <onclick>Close</onclick>
                <onclick>Skin.Reset($INFO[Window(Home).Property(Dialog.1125.Value)].Mode)</onclick>
            </item>

            <item>
                <label>$LOCALIZE[31083]</label>
                <icon>special://skin/extras/modes/combined.jpg</icon>
                <onclick>Close</onclick>
                <onclick>Skin.SetString($INFO[Window(Home).Property(Dialog.1125.Value)].Mode,Combined)</onclick>
            </item>

            <item>
                <label>$LOCALIZE[31008]</label>
                <icon>special://skin/extras/modes/wall.jpg</icon>
                <onclick>Close</onclick>
                <onclick>Skin.SetString($INFO[Window(Home).Property(Dialog.1125.Value)].Mode,Wall)</onclick>
            </item>
        </content>
    </include>


</includes>
