<?xml version="1.0" encoding="UTF-8"?>
<window>
    <zorder>0</zorder>
    <visible>Window.IsActive(VideoFullScreen.xml) | Window.IsActive(MusicVisualisation.xml)</visible>

    <visible>[Player.Paused + [!$EXP[Exp_OSD_DelayInfo_Timing] | !Skin.String(OSD.AutoOnPause,Hide)]] | Player.Caching | Player.Seeking | Player.HasPerformedSeek(2) | Player.Forwarding | Player.Rewinding | !String.IsEmpty(Player.SeekNumeric) | !String.IsEmpty(PVR.ChannelNumberInput) | Window.IsActive(script-upnext-stillwatching.xml) | Window.IsActive(script-upnext-upnext.xml) | Window.IsActive(videoosd) | Window.IsActive(musicosd) | Window.IsActive(1140) | Window.IsActive(1141) | Window.IsActive(1142) | Window.IsActive(1143) | Window.IsActive(1144) | Window.IsActive(1145) | Window.IsActive(1146) | Window.IsActive(1147) | Window.IsActive(1148) | Window.IsActive(1149) | Window.IsVisible(videobookmarks) | Window.IsVisible(pvrosdguide) | Window.IsVisible(pvrosdchannels) | [Window.IsVisible(script-cu-lrclyrics-main.xml) + Player.ShowInfo]</visible>

    <visible>!Window.IsActive(DialogSlider.xml)</visible>
    <visible>!Player.HasGame</visible>
    <visible>!Window.IsVisible(DialogPlayerProcessInfo.xml)</visible>
    <visible>!Window.IsVisible(1152)</visible>

    <animation effect="fade" start="0" end="100" time="300">WindowOpen</animation>
    <animation effect="fade" start="100" end="0" time="300">WindowClose</animation>
    <controls>

        <control type="group">
            <visible>Window.IsActive(VideoFullScreen.xml) | Window.IsActive(MusicVisualisation.xml)</visible>
            <control type="group">
                <include>Animation_OSD_Fullscreen_Change</include>

                <control type="group">
                    <include>Animation_OSD_Seekbar_Slide</include>
                    <include>OSD_Progress_Labels</include>
                    <include>OSD_Progress_Bar</include>

                    <control type="group">
                        <include>OSD_HideControls</include>
                        <include content="Furniture_Header">
                            <param name="label">$VAR[Label_OSD_Header]</param>
                            <param name="include_right">false</param>
                            <param name="textcolor">panel_fg_90</param>
                            <param name="top">780</param>
                        </include>
                    </control>
                </control>

                <include content="Furniture_Header">
                    <param name="include_left">false</param>
                    <param name="textcolor">panel_fg_90</param>
                </include>

                <include content="OSD_CastInfo_HintText">
                    <param name="label">$VAR[Label_OSD_HintText]</param>
                    <param name="visible">[Window.IsActive(videoosd) | Window.IsVisible(1140) | Window.IsVisible(1141) | Window.IsVisible(videobookmarks)] + [!Window.IsVisible(1141) | Skin.String(VideoOSD.PersonCredits.CastCrew,cast)]</param>
                </include>

                <include content="OSD_CastInfo_HintText">
                    <param name="label">$LOCALIZE[31346]</param>
                    <param name="visible">Window.IsActive(musicosd) + !Window.IsVisible(1142) + !Window.IsVisible(script-cu-lrclyrics-main.xml)</param>
                </include>
            </control>
        </control>

    </controls>
</window>