<?xml version="1.0" encoding="UTF-8" standalone="yes"?>
<addon id="repository.arcticfuse2.custom" name="arcticfuse2 Repository" version="1.0" provider-name="nicoQLF68">
    <extension point="xbmc.addon.repository" name="arcticfuse2 Repository">
        <dir>
            <info compressed="false">https://raw.githubusercontent.com/nicolos68/repository.arcticfuse2/main/repo/zips/addons.xml</info>
            <checksum>https://raw.githubusercontent.com/nicolos68/repository.arcticfuse2/main/repo/zips/addons.xml.md5</checksum>
            <datadir zip="true">https://raw.githubusercontent.com/nicolos68/repository.arcticfuse2/main/repo/zips/</datadir>
        </dir>
		<dir minversion="18.0" maxversion="18.9.0">
            <info compressed="false">https://raw.githubusercontent.com/jurialmunkey/repository.jurialmunkey/master/leia/zips/addons.xml</info>
            <checksum>https://raw.githubusercontent.com/jurialmunkey/repository.jurialmunkey/master/leia/zips/addons.xml.md5</checksum>
            <datadir zip="true">https://raw.githubusercontent.com/jurialmunkey/repository.jurialmunkey/master/leia/zips/</datadir>
        </dir>
        <dir minversion="18.9.0" maxversion="19.9.0">
            <info compressed="false">https://raw.githubusercontent.com/jurialmunkey/repository.jurialmunkey/master/matrix/zips/addons.xml</info>
            <checksum>https://raw.githubusercontent.com/jurialmunkey/repository.jurialmunkey/master/matrix/zips/addons.xml.md5</checksum>
            <datadir zip="true">https://raw.githubusercontent.com/jurialmunkey/repository.jurialmunkey/master/matrix/zips/</datadir>
        </dir>
        <dir minversion="19.9.1" maxversion="20.9.0">
            <info compressed="false">https://raw.githubusercontent.com/nicolos68/repository.arcticfuse2/main/nexusrepo/zips/addons.xml</info>
            <checksum>https://raw.githubusercontent.com/nicolos68/repository.arcticfuse2/main/nexusrepo/zips/addons.xml.md5</checksum>
            <datadir zip="true">https://raw.githubusercontent.com/nicolos68/repository.arcticfuse2/main/nexusrepo/zips/</datadir>
        </dir>
        <dir minversion="20.9.1">
            <info compressed="false">https://raw.githubusercontent.com/nicolos68/repository.arcticfuse2/main/omega/zips/addons.xml</info>
            <checksum>https://raw.githubusercontent.com/nicolos68/repository.arcticfuse2/main/omega/zips/addons.xml.md5</checksum>
            <datadir zip="true">https://raw.githubusercontent.com/nicolos68/repository.arcticfuse2/main/omega/zips/</datadir>
        </dir>
    </extension>
    <extension point="xbmc.addon.metadata">
        <summary>nicoQLF68 Alpha Repository</summary>
        <description>A repository for alpha releases of nicoQLF68's skins.</description>
        <disclaimer></disclaimer>
        <platform>all</platform>
        <assets>
            <icon>icon.png</icon>
        </assets>
    </extension>
</addon>