<?xml version="1.0" encoding="UTF-8"?>
<window type="window" id="1115">
    <defaultcontrol always="true">30000</defaultcontrol>
    <onload>ClearProperty(url)</onload>
    <onload>ClearProperty(forced)</onload>
    <onload>ClearProperty(menu)</onload>
    <onload>ClearProperty(mode)</onload>
    <onload>ClearProperty(guid)</onload>
    <onload>ClearProperty(list_id)</onload>
    <onload>ClearProperty(widgetonly_menu)</onload>
    <onload>ClearProperty(show_all_hubs)</onload>

    <include>Action_Blur_Onload</include>

    <onload>SetFocus(30000,0,absolute)</onload>
    <onunload>Skin.SetString(Shortcuts.RebuildDateTime,$INFO[System.Date(yyyy-mm-dd)]_$INFO[System.Time(hh:mm:ss)])</onunload>

    <controls>


        <include>Background</include>

        <include content="Settings_Dialog">
            <include content="Settings_Main_Group">
                <param name="label">$LOCALIZE[31114]</param>
                <include content="Settings_Left_Group">
                    <include content="Settings_Left_Content">

                        <include content="List_DialogSelect">
                            <param name="id">30000</param>
                            <param name="itemlayout_include">Layout_MenuList</param>
                            <param name="textcolor">main_fg</param>
                            <param name="altfocus">!Control.HasFocus(20)</param>
                            <param name="misc">15</param>
                            <right>40</right>
                            <onright>340</onright>

                            <content>
                                <item id="5">
                                    <label>$LOCALIZE[137]</label>
                                    <icon>special://skin/extras/icons/search.png</icon>
                                    <property name="editmenu">menu=search</property>
                                    <property name="widgets">true</property>
                                    <property name="enabled">true</property>
                                    <property name="mode">$INFO[Skin.String(HomeSwitcher.1105.Mode)]</property>
                                </item>
                                <item id="0">
                                    <label>$VAR[Home_Name_home]</label>
                                    <icon>$VAR[Home_Icon_home]</icon>
                                    <property name="editmenu">menu=home</property>
                                    <property name="widgets">true</property>
                                    <property name="submenu">true</property>
                                    <property name="rename">HomeSwitcher.Home</property>
                                    <property name="enabled">true</property>
                                    <property name="mode">$INFO[Skin.String(HomeSwitcher.Home.Mode)]</property>
                                    <property name="spotlight">true</property>
                                    <property name="custom">true</property>
                                </item>
                                <item id="1">
                                    <label>$VAR[Home_Name_1101]</label>
                                    <icon>$VAR[Home_Icon_1101]</icon>
                                    <property name="editmenu">menu=1101</property>
                                    <property name="widgets">true</property>
                                    <property name="submenu">true</property>
                                    <property name="rename">HomeSwitcher.1101</property>
                                    <property name="toggle">true</property>
                                    <property name="enabled">$INFO[Skin.String(HomeSwitcher.1101.Toggle)]</property>
                                    <property name="mode">$INFO[Skin.String(HomeSwitcher.1101.Mode)]</property>
                                    <property name="spotlight">true</property>
                                    <property name="custom">true</property>
                                </item>
                                <item id="2">
                                    <label>$VAR[Home_Name_1102]</label>
                                    <icon>$VAR[Home_Icon_1102]</icon>
                                    <property name="editmenu">menu=1102</property>
                                    <property name="widgets">true</property>
                                    <property name="submenu">true</property>
                                    <property name="rename">HomeSwitcher.1102</property>
                                    <property name="toggle">true</property>
                                    <property name="enabled">$INFO[Skin.String(HomeSwitcher.1102.Toggle)]</property>
                                    <property name="mode">$INFO[Skin.String(HomeSwitcher.1102.Mode)]</property>
                                    <property name="spotlight">true</property>
                                    <property name="custom">true</property>
                                </item>
                                <item id="3">
                                    <label>$VAR[Home_Name_1103]</label>
                                    <icon>$VAR[Home_Icon_1103]</icon>
                                    <property name="editmenu">menu=1103</property>
                                    <property name="widgets">true</property>
                                    <property name="submenu">true</property>
                                    <property name="rename">HomeSwitcher.1103</property>
                                    <property name="toggle">true</property>
                                    <property name="enabled">$INFO[Skin.String(HomeSwitcher.1103.Toggle)]</property>
                                    <property name="mode">$INFO[Skin.String(HomeSwitcher.1103.Mode)]</property>
                                    <property name="spotlight">true</property>
                                    <property name="custom">true</property>
                                </item>
                                <item id="4">
                                    <label>$VAR[Home_Name_1104]</label>
                                    <icon>$VAR[Home_Icon_1104]</icon>
                                    <property name="editmenu">menu=1104</property>
                                    <property name="widgets">true</property>
                                    <property name="submenu">true</property>
                                    <property name="rename">HomeSwitcher.1104</property>
                                    <property name="toggle">true</property>
                                    <property name="enabled">$INFO[Skin.String(HomeSwitcher.1104.Toggle)]</property>
                                    <property name="mode">$INFO[Skin.String(HomeSwitcher.1104.Mode)]</property>
                                    <property name="spotlight">true</property>
                                    <property name="custom">true</property>
                                </item>
                                <item id="9">
                                    <label>$LOCALIZE[33060]</label>
                                    <icon>special://skin/extras/icons/power.png</icon>
                                    <property name="editmenu">menu=power</property>
                                </item>
                            </content>
                        </include>
                    </include>
                </include>


                <include content="Settings_Right_Group">



                    <control type="group">
                        <control type="group" id="340">
                            <top>20</top>
                            <left>20</left>
                            <right>20</right>
                            <bottom>20</bottom>
                            <control type="grouplist" id="3000">
                                <top>0</top>
                                <orientation>vertical</orientation>
                                <onleft>30000</onleft>

                                <include content="Settings_Label">
                                    <param name="id">9001</param>
                                    <param name="control">label</param>
                                    <param name="dialog">false</param>
                                    <description>Default Setting Label</description>
                                    <label>$LOCALIZE[33063]</label>
                                </include>

                                <include content="Settings_Button" description="Enabled">
                                    <param name="control">radiobutton</param>
                                    <param name="dialog">false</param>
                                    <param name="id">9002</param>
                                    <label>$LOCALIZE[449]</label>
                                    <selected>String.IsEqual(Container(30000).ListItem.Property(enabled),true)</selected>
                                    <onclick condition="String.IsEmpty(Container(30000).ListItem.Property(enabled))">Skin.SetString($INFO[Container(30000).ListItem.Property(rename),,.Toggle],true)</onclick>
                                    <onclick condition="String.IsEqual(Container(30000).ListItem.Property(enabled),true)">Skin.Reset($INFO[Container(30000).ListItem.Property(rename),,.Toggle])</onclick>
                                    <visible>!String.IsEmpty(Container(30000).ListItem.Property(rename))</visible>
                                    <visible>!String.IsEmpty(Container(30000).ListItem.Property(toggle))</visible>
                                </include>

                                <!-- Widget Mode -->
                                <include content="Settings_Button" description="Layout (Hubs)">
                                    <param name="dialog">false</param>
                                    <param name="id">9006</param>
                                    <label>$LOCALIZE[31158]</label>
                                    <label2>$VAR[Label_Setting_Hub_Mode]</label2>
                                    <onclick>SetProperty(Dialog.1125.Value,$INFO[Container(30000).ListItem.Property(rename)],Home)</onclick>
                                    <onclick>ActivateWindow(1125)</onclick>
                                    <visible>!String.IsEmpty(Container(30000).ListItem.Property(rename))</visible>
                                    <visible>String.IsEqual(Container(30000).ListItem.Property(enabled),true)</visible>
                                </include>
                                <include content="Settings_Button" description="Layout (Search)">
                                    <param name="control">button</param>
                                    <param name="dialog">false</param>
                                    <param name="id">9053</param>
                                    <label>$LOCALIZE[31158]</label>
                                    <label2>$VAR[Label_Setting_Search_Mode]</label2>
                                    <onclick>Skin.ToggleSetting(Search.DisableCombined)</onclick>
                                    <visible>String.IsEqual(Container(30000).ListItem.Property(editmenu),menu=search)</visible>
                                </include>

                                <!-- Search: Discover -->
                                <include content="Settings_Button" description="Discover">
                                    <param name="control">radiobutton</param>
                                    <param name="dialog">false</param>
                                    <param name="id">9052</param>
                                    <label>$LOCALIZE[31066]</label>
                                    <selected>!Skin.HasSetting(Search.DisableDiscover)</selected>
                                    <onclick>Skin.ToggleSetting(Search.DisableDiscover)</onclick>
                                    <visible>!Skin.HasSetting(Search.DisableCombined)</visible>
                                    <visible>String.IsEqual(Container(30000).ListItem.Property(editmenu),menu=search)</visible>
                                </include>

                                <!-- Customisation -->
                                <include content="Settings_Label">
                                    <param name="id">9011</param>
                                    <param name="control">label</param>
                                    <param name="dialog">false</param>
                                    <description>Default Setting Label</description>
                                    <label>$LOCALIZE[31203]</label>
                                    <visible>String.IsEqual(Container(30000).ListItem.Property(enabled),true)</visible>
                                </include>

                                <include content="Settings_Button" description="Shortcut">
                                    <param name="dialog">false</param>
                                    <param name="id">9003</param>
                                    <label>$LOCALIZE[31511]</label>
                                    <onclick>SetProperty(Dialog.1124.Header,Shortcut,Home)</onclick>
                                    <onclick>SetProperty(Dialog.1124.Window,$INFO[Container(30000).ListItem.Property(rename)],Home)</onclick>
                                    <onclick>ActivateWindow(1124)</onclick>
                                    <visible>String.IsEqual(Container(30000).ListItem.Property(custom),true)</visible>
                                    <visible>String.IsEqual(Container(30000).ListItem.Property(enabled),true)</visible>
                                </include>

                                <include content="Settings_Button" description="Submenu">
                                    <param name="dialog">false</param>
                                    <param name="id">9007</param>
                                    <label>$LOCALIZE[1034]</label>
                                    <onclick>SetProperty(Shortcuts.EditMenu,$INFO[Container(30000).ListItem.Property(editmenu),,submenu],Home)</onclick>
                                    <onclick>SetProperty(Shortcuts.EditMode,mode=submenu,Home)</onclick>
                                    <onclick>ClearProperty(Shortcuts.EditGUID,Home)</onclick>
                                    <onclick>ActivateWindow(1116)</onclick>
                                    <visible>String.IsEqual(Container(30000).ListItem.Property(submenu),true)</visible>
                                    <visible>String.IsEqual(Container(30000).ListItem.Property(enabled),true)</visible>
                                </include>

                                <include content="Settings_Button" description="Spotlight">
                                    <param name="dialog">false</param>
                                    <param name="id">9009</param>
                                    <label>$LOCALIZE[31105]</label>
                                    <onclick>SetProperty(Dialog.1124.Header,Spotlight,Home)</onclick>
                                    <onclick>SetProperty(Dialog.1124.Window,$INFO[Container(30000).ListItem.Property(rename)],Home)</onclick>
                                    <onclick>ActivateWindow(1124)</onclick>
                                    <visible>String.IsEqual(Container(30000).ListItem.Property(spotlight),true)</visible>
                                    <visible>String.IsEqual(Container(30000).ListItem.Property(enabled),true)</visible>
                                </include>

                                <include content="Settings_Button" description="Widgets">
                                    <param name="dialog">false</param>
                                    <param name="id">9008</param>
                                    <label>$LOCALIZE[31103]</label>
                                    <onclick>SetProperty(Shortcuts.EditMenu,$INFO[Container(30000).ListItem.Property(editmenu),,widgets],Home)</onclick>
                                    <onclick>SetProperty(Shortcuts.EditMode,mode=widgets,Home)</onclick>
                                    <onclick>ClearProperty(Shortcuts.EditGUID,Home)</onclick>
                                    <onclick>ActivateWindow(1116)</onclick>
                                    <visible>String.IsEqual(Container(30000).ListItem.Property(widgets),true)</visible>
                                    <visible>String.IsEqual(Container(30000).ListItem.Property(enabled),true)</visible>
                                </include>




                                <!-- POWER MENU -->
                                <include content="Settings_Button">
                                    <param name="id">8001</param>
                                    <param name="control">button</param>
                                    <label>$LOCALIZE[31158]</label>
                                    <label2>$INFO[Skin.String(OptionsTiles.Layout),, $LOCALIZE[31048]]</label2>
                                    <onclick condition="Skin.String(OptionsTiles.Layout,$NUMBER[2])">Skin.SetString(OptionsTiles.Layout,$NUMBER[3])</onclick>
                                    <onclick condition="Skin.String(OptionsTiles.Layout,$NUMBER[3])">Skin.SetString(OptionsTiles.Layout,$NUMBER[4])</onclick>
                                    <onclick condition="Skin.String(OptionsTiles.Layout,$NUMBER[4])">Skin.SetString(OptionsTiles.Layout,$NUMBER[2])</onclick>
                                    <visible>String.IsEqual(Container(30000).ListItem.Property(editmenu),menu=power)</visible>
                                </include>

                                <include content="Settings_Label">
                                    <param name="id">8002</param>
                                    <param name="color">dialog_fg</param>
                                    <label>$LOCALIZE[31467]</label>
                                    <visible>String.IsEqual(Container(30000).ListItem.Property(editmenu),menu=power)</visible>
                                </include>

                                <include content="DialogCustom_PowerTile_Items">
                                    <param name="item">1</param>
                                    <param name="visible">String.IsEqual(Container(30000).ListItem.Property(editmenu),menu=power)</param>
                                </include>
                                <include content="DialogCustom_PowerTile_Items">
                                    <param name="item">2</param>
                                    <param name="visible">String.IsEqual(Container(30000).ListItem.Property(editmenu),menu=power)</param>
                                </include>
                                <include content="DialogCustom_PowerTile_Items">
                                    <param name="item">3</param>
                                    <param name="visible">String.IsEqual(Container(30000).ListItem.Property(editmenu),menu=power) + Integer.IsGreater(Skin.String(OptionsTiles.Layout),2)</param>
                                </include>
                                <include content="DialogCustom_PowerTile_Items">
                                    <param name="item">4</param>
                                    <param name="visible">String.IsEqual(Container(30000).ListItem.Property(editmenu),menu=power) + Integer.IsGreater(Skin.String(OptionsTiles.Layout),3)</param>
                                </include>

                                <include content="Settings_Label">
                                    <param name="id">8003</param>
                                    <param name="color">dialog_fg</param>
                                    <label>$LOCALIZE[111]</label>
                                    <visible>String.IsEqual(Container(30000).ListItem.Property(editmenu),menu=power)</visible>
                                </include>
                                <include content="Settings_Button">
                                    <param name="id">8004</param>
                                    <param name="control">button</param>
                                    <onclick>SetProperty(Shortcuts.EditMenu,menu=powermenu,Home)</onclick>
                                    <onclick>ClearProperty(Shortcuts.EditMode,Home)</onclick>
                                    <onclick>ClearProperty(Shortcuts.EditGUID,Home)</onclick>
                                    <onclick>ActivateWindow(1116)</onclick>
                                    <label>$LOCALIZE[33061]</label>
                                    <visible>String.IsEqual(Container(30000).ListItem.Property(editmenu),menu=power)</visible>
                                </include>
                                <include content="Settings_Button">
                                    <param name="id">8005</param>
                                    <param name="control">button</param>
                                    <onclick>SetProperty(Shortcuts.EditMenu,menu=powertray,Home)</onclick>
                                    <onclick>ClearProperty(Shortcuts.EditMode,Home)</onclick>
                                    <onclick>ClearProperty(Shortcuts.EditGUID,Home)</onclick>
                                    <onclick>ActivateWindow(1116)</onclick>
                                    <label>$LOCALIZE[31043]</label>
                                    <visible>String.IsEqual(Container(30000).ListItem.Property(editmenu),menu=power)</visible>
                                </include>

                            </control>
                        </control>
                    </control>
                </include>
            </include>



        </include>

    </controls>
</window>
