<?xml version="1.0" encoding="UTF-8"?>
<addon id="plugin.video.themoviedb.helper"
version="6.14.5"
name="TMDb Helper"
provider-name="jurialmunkey">
<requires>
  <import addon="xbmc.python" version="3.0.1"/>
  <import addon="script.module.requests" version="2.9.1"/>
  <import addon="script.module.pil" version="1.1.7"/>
  <import addon="script.module.addon.signals" version="0.0.6" />
  <import addon="script.module.jurialmunkey" version="0.2.31" />
  <import addon="script.module.infotagger" version="0.0.5" />
  <import addon="script.module.qrcode" version="6.1.0" />
</requires>
<extension point="xbmc.python.pluginsource" library="resources/plugin.py">
  <provides>video</provides>
</extension>
<extension point="xbmc.python.script" library="resources/script.py" />
<extension point="xbmc.service" library="resources/service.py" />
<extension point="xbmc.python.module" library="resources/modules"/>
<extension point="xbmc.addon.metadata">
  <reuselanguageinvoker>false</reuselanguageinvoker>
  <summary lang="de_DE">TMDb Helfer</summary>
  <summary lang="en_GB">TMDb Helper</summary>
  <summary lang="zh_CN">TMDb 助手</summary>
  <description lang="de_DE">TMDb Helper liefert Details über Filme, Fernsehsendungen und Schauspieler aus TMDb. Benutzer können auf eine Vielzahl von Listen aus TMDb TVDb MDbList und Trakt zugreifen.</description>
  <description lang="en_GB">TMDb Helper provides details about movies, tvshows and actors from TMDb. Users can access a variety of lists from TMDb TVDb MDbList and Trakt.</description>
  <description lang="sv_SE">TMDb Helper tillhandahåller information om filmer, tv-serier och skådespelare från TMDb. Användare kan få tillgång till en mängd olika listor från TMDb, TVDb, MDbList och Trakt.</description>
  <description lang="zh_CN">TMDb 助手从 TMDb（影视数据库） 获取电影、电视剧及演员的详细信息。用户可访问来自 TMDb、TVDb、MDbList 和 Trakt 的各类影视列表。</description>
  <disclaimer lang="de_DE">Daten bereitgestellt von TMDb TVDb MDbList OMDb FanartTV und Trakt. Einige der Informationen werden von TheTVDB.com bereitgestellt. Bitte erwäge sie zu unterstützen. https://thetvdb.com/subscribe</disclaimer>
  <disclaimer lang="en_GB">Data provided by TMDb TVDb MDbList OMDb FanartTV and Trakt. Some of the information is provided by TheTVDB.com. Please consider supporting them. https://thetvdb.com/subscribe</disclaimer>
  <disclaimer lang="sv_SE">Data tillhandahållen av TMDb TVDb MDbList OMDb FanartTV och Trakt. En del av informationen tillhandahålls av TheTVDB.com. Stöd dem gärna. https://thetvdb.com/subscribe</disclaimer>
  <disclaimer lang="zh_CN">数据由 TMDb、TVDb、MDbList、OMDb、FanartTV 和 Trakt 提供。部分信息由 TheTVDB.com 提供，建议您支持他们。订阅链接：https://thetvdb.com/subscribe</disclaimer>
  <license>GPL-3.0-or-later</license>
  <website>https://github.com/jurialmunkey/plugin.video.themoviedb.helper</website>
  <forum>https://forum.kodi.tv/showthread.php?tid=345847</forum>
  <assets>
    <icon>icon.png</icon>
    <fanart>fanart.jpg</fanart>
    <clearlogo>clearlogo.png</clearlogo>
    <screenshot>resources/screenshot-01.jpg</screenshot>
    <screenshot>resources/screenshot-02.jpg</screenshot>
  </assets>
</extension>
</addon>
